day,value,event
1,99.68,0
2,100.76,0
3,99.84,0
4,100.92,0
5,100.0,0
6,101.08,0
7,100.16,0
8,101.24,0
9,100.32,0
10,101.4,0
11,100.48,0
12,101.56,0
13,100.64,0
14,101.72,0
15,100.8,0
16,101.88,0
17,100.96,0
18,102.04,0
19,101.12,0
20,102.2,0
21,101.28,0
22,102.36,0
23,101.44,0
24,102.52,0
25,101.6,0
26,102.68,0
27,101.76,0
28,102.84,0
29,101.92,0
30,103.0,0
31,102.08,0
32,103.16,0
33,102.24,0
34,103.32,0
35,102.4,0
36,103.48,0
37,102.56,0
38,103.64,0
39,102.72,0
40,103.8,0
41,102.88,0
42,103.96,0
43,103.04,0
44,104.12,0
45,103.2,0
46,104.28,0
47,103.36,0
48,104.44,0
49,103.52,0
50,104.6,0
51,103.68,0
52,104.76,0
53,103.84,0
54,104.92,0
55,104.0,0
56,105.08,0
57,104.16,0
58,105.24,0
59,104.32,0
60,105.4,0
61,104.48,0
62,105.56,0
63,104.64,0
64,105.72,0
65,104.8,0
66,105.88,0
67,104.96,0
68,106.04,0
69,105.12,0
70,106.2,0
71,105.28,0
72,106.36,0
73,105.44,0
74,106.52,0
75,105.6,0
76,106.68,0
77,105.76,0
78,106.84,0
79,105.92,0
80,107.0,0
81,106.08,0
82,107.16,0
83,106.24,0
84,107.32,0
85,106.4,0
86,107.48,0
87,106.56,0
88,107.64,0
89,106.72,0
90,107.8,0
91,106.88,0
92,107.96,0
93,107.04,0
94,108.12,0
95,107.2,0
96,108.28,0
97,107.36,0
98,108.44,0
99,107.52,0
100,135.52,1
101,107.68,0
102,108.76,0
103,107.84,0
104,108.92,0
105,108.0,0
106,109.08,0
107,108.16,0
108,109.24,0
109,108.32,0
110,109.4,0
111,108.48,0
112,109.56,0
113,108.64,0
114,109.72,0
115,108.8,0
116,109.88,0
117,108.96,0
118,110.04,0
119,109.12,0
120,110.2,0
121,109.28,0
122,110.36,0
123,109.44,0
124,110.52,0
125,109.6,0
126,110.68,0
127,109.76,0
128,110.84,0
129,109.92,0
130,111.0,0
131,110.08,0
132,111.16,0
133,110.24,0
134,111.32,0
135,110.4,0
136,111.48,0
137,110.56,0
138,111.64,0
139,110.72,0
140,111.8,0
141,110.88,0
142,111.96,0
143,111.04,0
144,112.12,0
145,111.2,0
146,112.28,0
147,111.36,0
148,112.44,0
149,111.52,0
150,112.6,0
151,111.68,0
152,112.76,0
153,111.84,0
154,112.92,0
155,112.0,0
156,113.08,0
157,112.16,0
158,113.24,0
159,112.32,0
160,113.4,0
161,112.48,0
162,113.56,0
163,112.64,0
164,113.72,0
165,112.8,0
166,113.88,0
167,112.96,0
168,114.04,0
169,113.12,0
170,114.2,0
171,113.28,0
172,114.36,0
173,113.44,0
174,114.52,0
175,113.6,0
176,114.68,0
177,113.76,0
178,114.84,0
179,113.92,0
180,141.92,0
181,114.08,0
182,115.16,0
183,114.24,0
184,115.32,0
185,114.4,0
186,115.48,0
187,114.56,0
188,115.64,0
189,114.72,0
190,115.8,0
191,114.88,0
192,115.96,0
193,115.04,0
194,116.12,0
195,115.2,0
196,116.28,0
197,115.36,0
198,116.44,0
199,115.52,0
200,116.6,0
201,115.68,0
202,116.76,0
203,115.84,0
204,116.92,0
205,116.0,0
206,117.08,0
207,116.16,0
208,117.24,0
209,116.32,0
210,117.4,0
211,116.48,0
212,117.56,0
213,116.64,0
214,117.72,0
215,116.8,0
216,117.88,0
217,116.96,0
218,118.04,0
219,117.12,0
220,118.2,0
221,117.28,0
222,118.36,0
223,117.44,0
224,118.52,0
225,117.6,0
226,118.68,0
227,117.76,0
228,118.84,0
229,117.92,0
230,119.0,0
231,118.08,0
232,119.16,0
233,118.24,0
234,119.32,0
235,118.4,0
236,119.48,0
237,118.56,0
238,119.64,0
239,118.72,0
240,119.8,0
241,118.88,0
242,119.96,0
243,119.04,0
244,120.12,0
245,119.2,0
246,120.28,0
247,119.36,0
248,120.44,0
249,119.52,0
250,120.6,0
251,119.68,0
252,120.76,0
253,119.84,0
254,120.92,0
255,120.0,0
256,121.08,0
257,120.16,0
258,121.24,0
259,120.32,0
260,148.32,1
261,120.48,0
262,121.56,0
263,120.64,0
264,121.72,0
265,120.8,0
266,121.88,0
267,120.96,0
268,122.04,0
269,121.12,0
270,122.2,0
271,121.28,0
272,122.36,0
273,121.44,0
274,122.52,0
275,121.6,0
276,122.68,0
277,121.76,0
278,122.84,0
279,121.92,0
280,123.0,0
281,122.08,0
282,123.16,0
283,122.24,0
284,123.32,0
285,122.4,0
286,123.48,0
287,122.56,0
288,123.64,0
289,122.72,0
290,123.8,0
291,122.88,0
292,123.96,0
293,123.04,0
294,124.12,0
295,123.2,0
296,124.28,0
297,123.36,0
298,124.44,0
299,123.52,0
300,124.6,0
301,123.68,0
302,124.76,0
303,123.84,0
304,124.92,0
305,124.0,0
306,125.08,0
307,124.16,0
308,125.24,0
309,124.32,0
310,125.4,0
311,124.48,0
312,125.56,0
313,124.64,0
314,125.72,0
315,124.8,0
316,125.88,0
317,124.96,0
318,126.04,0
319,125.12,0
320,126.2,0
321,125.28,0
322,126.36,0
323,125.44,0
324,126.52,0
325,125.6,0
326,126.68,0
327,125.76,0
328,126.84,0
329,125.92,0
330,127.0,0
331,126.08,0
332,127.16,0
333,126.24,0
334,127.32,0
335,126.4,0
336,127.48,0
337,126.56,0
338,127.64,0
339,126.72,0
340,154.72,0
341,126.88,0
342,127.96,0
343,127.04,0
344,128.12,0
345,127.2,0
346,128.28,0
347,127.36,0
348,128.44,0
349,127.52,0
350,128.6,0
351,127.68,0
352,128.76,0
353,127.84,0
354,128.92,0
355,128.0,0
356,129.08,0
357,128.16,0
358,129.24,0
359,128.32,0
360,129.4,0
361,128.48,0
362,129.56,0
363,128.64,0
364,129.72,0
365,128.8,0
366,129.88,0
367,128.96,0
368,130.04,0
369,129.12,0
370,130.2,0
371,129.28,0
372,130.36,0
373,129.44,0
374,130.52,0
375,129.6,0
376,130.68,0
377,129.76,0
378,130.84,0
379,129.92,0
380,131.0,0
381,130.08,0
382,131.16,0
383,130.24,0
384,131.32,0
385,130.4,0
386,131.48,0
387,130.56,0
388,131.64,0
389,130.72,0
390,131.8,0
391,130.88,0
392,131.96,0
393,131.04,0
394,132.12,0
395,131.2,0
396,132.28,0
397,131.36,0
398,132.44,0
399,131.52,0
400,132.6,0
401,131.68,0
402,132.76,0
403,131.84,0
404,132.92,0
405,132.0,0
406,133.08,0
407,132.16,0
408,133.24,0
409,132.32,0
410,133.4,0
411,132.48,0
412,133.56,0
413,132.64,0
414,133.72,0
415,132.8,0
416,133.88,0
417,132.96,0
418,134.04,0
419,133.12,0
420,161.12,1
421,133.28,0
422,134.36,0
423,133.44,0
424,134.52,0
425,133.6,0
426,134.68,0
427,133.76,0
428,134.84,0
429,133.92,0
430,135.0,0
431,134.08,0
432,135.16,0
433,134.24,0
434,135.32,0
435,134.4,0
436,135.48,0
437,134.56,0
438,135.64,0
439,134.72,0
440,135.8,0
441,134.88,0
442,135.96,0
443,135.04,0
444,136.12,0
445,135.2,0
446,136.28,0
447,135.36,0
448,136.44,0
449,135.52,0
450,136.6,0
451,135.68,0
452,136.76,0
453,135.84,0
454,136.92,0
455,136.0,0
456,137.08,0
457,136.16,0
458,137.24,0
459,136.32,0
460,137.4,0
461,136.48,0
462,137.56,0
463,136.64,0
464,137.72,0
465,136.8,0
466,137.88,0
467,136.96,0
468,138.04,0
469,137.12,0
470,138.2,0
471,137.28,0
472,138.36,0
473,137.44,0
474,138.52,0
475,137.6,0
476,138.68,0
477,137.76,0
478,138.84,0
479,137.92,0
480,139.0,0
481,138.08,0
482,139.16,0
483,138.24,0
484,139.32,0
485,138.4,0
486,139.48,0
487,138.56,0
488,139.64,0
489,138.72,0
490,139.8,0
491,138.88,0
492,139.96,0
493,139.04,0
494,140.12,0
495,139.2,0
496,140.28,0
497,139.36,0
498,140.44,0
499,139.52,0
500,167.52,1
